momentum_category,mean,sum,count
Bearish,799.2099691142857,27972.348919,35
Neutral,98.36556137597884,10262774.11504,104333
Bullish,155.31198692499999,6212.479477,40
